booking_id,customer_email,trek_location,package_duration_days,difficulty_level,booking_date,season,price_per_person,group_size,total_amount,cancellation_status,number_of_people_cancelled,customer_age,customer_city
1,user1@gmail.com,Hampta Pass,5,Moderate,26-10-2023,Peak,14400,4,57600,Completed,0,29,Chennai
2,user2@gmail.com,Sandakphu,6,Difficult,15-03-2025,Moderate,15000,3,45000,Completed,0,25,Hyderabad
3,user3@gmail.com,Kedarkantha,7,Moderate,06-09-2023,Moderate,14000,6,84000,Completed,0,21,Chennai
4,user4@gmail.com,Triund,2,Easy,23-02-2024,Peak,4800,2,9600,Completed,0,31,Pune
5,user5@gmail.com,Hampi,5,Easy,16-10-2023,Peak,10800,3,32400,Completed,0,44,Pune
6,user6@gmail.com,Hampta Pass,5,Moderate,05-04-2025,Moderate,12000,5,60000,Completed,0,42,Pune
7,user7@gmail.com,Hampi,5,Easy,12-09-2023,Moderate,9000,1,9000,Completed,0,27,Hyderabad
8,user8@gmail.com,Hampi,5,Easy,29-11-2023,Peak,10800,2,21600,Completed,0,33,Bangalore
9,user9@gmail.com,Hampi,5,Easy,04-03-2025,Moderate,9000,5,45000,Completed,0,21,Hyderabad
10,user10@gmail.com,Sandakphu,6,Difficult,21-05-2024,Moderate,15000,5,75000,Completed,0,50,Chennai
11,user11@gmail.com,Sandakphu,6,Difficult,16-08-2024,Off,12750,5,63750,Completed,0,39,Hyderabad
12,user12@gmail.com,Hampta Pass,5,Moderate,13-01-2025,Peak,14400,4,57600,Completed,0,24,Delhi
13,user13@gmail.com,Triund,2,Easy,08-06-2025,Off,3400,2,6800,Completed,0,45,Hyderabad
14,user14@gmail.com,Valley of Flowers,6,Moderate,07-10-2025,Peak,15600,3,46800,Completed,0,55,Delhi
15,user15@gmail.com,Kedarkantha,7,Moderate,04-12-2023,Peak,16800,3,50400,Completed,0,25,Chennai
16,user16@gmail.com,Valley of Flowers,6,Moderate,14-04-2023,Moderate,13000,2,26000,Completed,0,51,Hyderabad
17,user17@gmail.com,Sandakphu,6,Difficult,19-03-2024,Moderate,15000,6,90000,Completed,0,40,Delhi
18,user18@gmail.com,Kedarkantha,7,Moderate,22-07-2025,Off,11900,6,71400,Cancelled - Full Refund,6,51,Mumbai
19,user19@gmail.com,Kedarkantha,7,Moderate,04-03-2024,Moderate,14000,4,56000,Completed,0,24,Bangalore
20,user20@gmail.com,Valley of Flowers,6,Moderate,07-11-2023,Peak,15600,6,93600,Completed,0,52,Mumbai
21,user21@gmail.com,Hampi,5,Easy,30-06-2025,Off,7650,1,7650,Completed,0,21,Pune
22,user22@gmail.com,Hampi,5,Easy,24-05-2024,Moderate,9000,1,9000,Cancelled - Full Refund,1,23,Mumbai
23,user23@gmail.com,Kedarkantha,7,Moderate,30-05-2024,Moderate,14000,6,84000,Completed,0,43,Mumbai
24,user24@gmail.com,Hampta Pass,5,Moderate,23-05-2025,Moderate,12000,4,48000,Completed,0,47,Hyderabad
25,user25@gmail.com,Valley of Flowers,6,Moderate,02-02-2024,Peak,15600,5,78000,Completed,0,44,Pune
26,user26@gmail.com,Hampta Pass,5,Moderate,03-03-2024,Moderate,12000,1,12000,Completed,0,35,Bangalore
27,user27@gmail.com,Sandakphu,6,Difficult,17-06-2024,Off,12750,1,12750,Cancelled - Full Refund,1,42,Delhi
28,user28@gmail.com,Triund,2,Easy,06-01-2023,Peak,4800,3,14400,Cancelled - Full Refund,3,53,Delhi
29,user29@gmail.com,Hampta Pass,5,Moderate,20-04-2024,Moderate,12000,1,12000,Completed,0,32,Delhi
30,user30@gmail.com,Kedarkantha,7,Moderate,17-02-2023,Peak,16800,5,84000,Completed,0,46,Mumbai
31,user31@gmail.com,Kedarkantha,7,Moderate,13-01-2024,Peak,16800,1,16800,Completed,0,40,Hyderabad
32,user32@gmail.com,Hampi,5,Easy,22-10-2023,Peak,10800,6,64800,Cancelled - No Refund,6,18,Chennai
33,user33@gmail.com,Valley of Flowers,6,Moderate,16-10-2024,Peak,15600,4,62400,Completed,0,42,Chennai
34,user34@gmail.com,Hampi,5,Easy,03-07-2025,Off,7650,2,15300,Completed,0,54,Hyderabad
35,user35@gmail.com,Kedarkantha,7,Moderate,08-07-2024,Off,11900,6,71400,Completed,0,26,Bangalore
36,user36@gmail.com,Kedarkantha,7,Moderate,30-10-2025,Peak,16800,6,100800,Completed,0,25,Hyderabad
37,user37@gmail.com,Kedarkantha,7,Moderate,01-04-2024,Moderate,14000,4,56000,Completed,0,45,Chennai
38,user38@gmail.com,Kedarkantha,7,Moderate,20-12-2024,Peak,16800,1,16800,Cancelled - Partial Refund,1,44,Mumbai
39,user39@gmail.com,Hampta Pass,5,Moderate,13-11-2023,Peak,14400,1,14400,Completed,0,36,Chennai
40,user40@gmail.com,Valley of Flowers,6,Moderate,15-07-2023,Off,11050,5,55250,Completed,0,27,Pune
41,user41@gmail.com,Hampi,5,Easy,28-10-2023,Peak,10800,3,32400,Completed,0,42,Chennai
42,user42@gmail.com,Sandakphu,6,Difficult,02-08-2023,Off,12750,4,51000,Completed,0,25,Chennai
43,user43@gmail.com,Triund,2,Easy,24-08-2025,Off,3400,2,6800,Completed,0,40,Pune
44,user44@gmail.com,Kedarkantha,7,Moderate,13-03-2023,Moderate,14000,2,28000,Completed,0,53,Mumbai
45,user45@gmail.com,Hampta Pass,5,Moderate,14-09-2023,Moderate,12000,6,72000,Completed,0,48,Delhi
46,user46@gmail.com,Hampta Pass,5,Moderate,11-11-2025,Peak,14400,2,28800,Completed,0,50,Hyderabad
47,user47@gmail.com,Kedarkantha,7,Moderate,08-06-2024,Off,11900,5,59500,Completed,0,24,Chennai
48,user48@gmail.com,Kedarkantha,7,Moderate,12-01-2024,Peak,16800,5,84000,Completed,0,47,Chennai
49,user49@gmail.com,Kedarkantha,7,Moderate,23-01-2023,Peak,16800,2,33600,Completed,0,38,Mumbai
50,user50@gmail.com,Kedarkantha,7,Moderate,06-09-2024,Moderate,14000,3,42000,Completed,0,46,Hyderabad
51,user51@gmail.com,Triund,2,Easy,29-01-2024,Peak,4800,1,4800,Completed,0,27,Pune
52,user52@gmail.com,Kedarkantha,7,Moderate,17-05-2025,Moderate,14000,1,14000,Completed,0,31,Delhi
53,user53@gmail.com,Hampi,5,Easy,02-07-2024,Off,7650,6,45900,Cancelled - Full Refund,6,31,Hyderabad
54,user54@gmail.com,Hampta Pass,5,Moderate,29-11-2023,Peak,14400,6,86400,Completed,0,20,Hyderabad
55,user55@gmail.com,Triund,2,Easy,23-06-2025,Off,3400,1,3400,Cancelled - Full Refund,1,45,Bangalore
56,user56@gmail.com,Hampi,5,Easy,14-11-2023,Peak,10800,4,43200,Completed,0,35,Delhi
57,user57@gmail.com,Triund,2,Easy,21-03-2024,Moderate,4000,4,16000,Completed,0,43,Delhi
58,user58@gmail.com,Kedarkantha,7,Moderate,14-11-2024,Peak,16800,6,100800,Completed,0,51,Pune
59,user59@gmail.com,Sandakphu,6,Difficult,18-04-2023,Moderate,15000,4,60000,Cancelled - Partial Refund,4,25,Pune
60,user60@gmail.com,Triund,2,Easy,25-08-2025,Off,3400,2,6800,Completed,0,51,Pune
61,user61@gmail.com,Kedarkantha,7,Moderate,06-04-2025,Moderate,14000,4,56000,Completed,0,20,Delhi
62,user62@gmail.com,Valley of Flowers,6,Moderate,18-10-2025,Peak,15600,1,15600,Completed,0,40,Mumbai
63,user63@gmail.com,Valley of Flowers,6,Moderate,12-06-2024,Off,11050,4,44200,Completed,0,36,Hyderabad
64,user64@gmail.com,Triund,2,Easy,25-03-2025,Moderate,4000,3,12000,Completed,0,26,Chennai
65,user65@gmail.com,Triund,2,Easy,12-01-2024,Peak,4800,4,19200,Completed,0,44,Pune
66,user66@gmail.com,Sandakphu,6,Difficult,19-10-2025,Peak,18000,1,18000,Completed,0,29,Mumbai
67,user67@gmail.com,Kedarkantha,7,Moderate,18-05-2024,Moderate,14000,1,14000,Completed,0,35,Bangalore
68,user68@gmail.com,Triund,2,Easy,24-03-2024,Moderate,4000,4,16000,Completed,0,35,Bangalore
69,user69@gmail.com,Sandakphu,6,Difficult,05-12-2024,Peak,18000,3,54000,Completed,0,22,Hyderabad
70,user70@gmail.com,Valley of Flowers,6,Moderate,12-08-2024,Off,11050,6,66300,Cancelled - Partial Refund,6,32,Bangalore
71,user71@gmail.com,Kedarkantha,7,Moderate,08-06-2025,Off,11900,1,11900,Completed,0,23,Hyderabad
72,user72@gmail.com,Triund,2,Easy,22-07-2023,Off,3400,6,20400,Completed,0,48,Hyderabad
73,user73@gmail.com,Sandakphu,6,Difficult,23-07-2024,Off,12750,6,76500,Completed,0,20,Bangalore
74,user74@gmail.com,Hampi,5,Easy,29-09-2024,Moderate,9000,1,9000,Cancelled - Partial Refund,1,31,Hyderabad
75,user75@gmail.com,Triund,2,Easy,24-06-2023,Off,3400,5,17000,Completed,0,43,Hyderabad
76,user76@gmail.com,Hampta Pass,5,Moderate,23-03-2023,Moderate,12000,3,36000,Completed,0,29,Hyderabad
77,user77@gmail.com,Hampi,5,Easy,07-06-2025,Off,7650,6,45900,Completed,0,23,Bangalore
78,user78@gmail.com,Kedarkantha,7,Moderate,24-01-2025,Peak,16800,3,50400,Completed,0,46,Chennai
79,user79@gmail.com,Hampi,5,Easy,11-08-2024,Off,7650,4,30600,Completed,0,51,Pune
80,user80@gmail.com,Hampi,5,Easy,26-08-2025,Off,7650,2,15300,Completed,0,36,Bangalore
81,user81@gmail.com,Kedarkantha,7,Moderate,19-01-2023,Peak,16800,4,67200,Completed,0,54,Pune
82,user82@gmail.com,Hampi,5,Easy,20-10-2023,Peak,10800,4,43200,Completed,0,44,Delhi
83,user83@gmail.com,Valley of Flowers,6,Moderate,30-08-2024,Off,11050,4,44200,Completed,0,54,Chennai
84,user84@gmail.com,Kedarkantha,7,Moderate,28-08-2025,Off,11900,5,59500,Completed,0,26,Mumbai
85,user85@gmail.com,Sandakphu,6,Difficult,10-11-2025,Peak,18000,1,18000,Cancelled - Partial Refund,1,42,Bangalore
86,user86@gmail.com,Kedarkantha,7,Moderate,29-03-2024,Moderate,14000,1,14000,Cancelled - No Refund,1,42,Delhi
87,user87@gmail.com,Valley of Flowers,6,Moderate,26-09-2024,Moderate,13000,6,78000,Completed,0,48,Hyderabad
88,user88@gmail.com,Sandakphu,6,Difficult,21-01-2025,Peak,18000,3,54000,Completed,0,35,Mumbai
89,user89@gmail.com,Hampi,5,Easy,14-05-2025,Moderate,9000,4,36000,Cancelled - No Refund,4,20,Chennai
90,user90@gmail.com,Sandakphu,6,Difficult,02-02-2025,Peak,18000,6,108000,Completed,0,44,Delhi
91,user91@gmail.com,Hampi,5,Easy,16-06-2025,Off,7650,6,45900,Completed,0,40,Delhi
92,user92@gmail.com,Kedarkantha,7,Moderate,24-01-2023,Peak,16800,4,67200,Completed,0,43,Pune
93,user93@gmail.com,Triund,2,Easy,27-11-2023,Peak,4800,1,4800,Cancelled - Full Refund,1,51,Chennai
94,user94@gmail.com,Triund,2,Easy,11-07-2025,Off,3400,1,3400,Completed,0,40,Hyderabad
95,user95@gmail.com,Sandakphu,6,Difficult,18-02-2024,Peak,18000,3,54000,Completed,0,54,Delhi
96,user96@gmail.com,Valley of Flowers,6,Moderate,27-11-2025,Peak,15600,3,46800,Completed,0,38,Delhi
97,user97@gmail.com,Kedarkantha,7,Moderate,27-06-2024,Off,11900,2,23800,Completed,0,46,Hyderabad
98,user98@gmail.com,Hampi,5,Easy,22-04-2024,Moderate,9000,2,18000,Completed,0,43,Bangalore
99,user99@gmail.com,Hampi,5,Easy,16-08-2025,Off,7650,4,30600,Completed,0,29,Chennai
100,user100@gmail.com,Valley of Flowers,6,Moderate,12-05-2024,Moderate,13000,2,26000,Completed,0,36,Delhi
101,user101@gmail.com,Triund,2,Easy,19-09-2025,Moderate,4000,5,20000,Completed,0,35,Hyderabad
102,user102@gmail.com,Kedarkantha,7,Moderate,24-11-2024,Peak,16800,4,67200,Completed,0,53,Bangalore
103,user103@gmail.com,Triund,2,Easy,14-09-2025,Moderate,4000,5,20000,Completed,0,19,Chennai
104,user104@gmail.com,Hampta Pass,5,Moderate,11-12-2025,Peak,14400,6,86400,Completed,0,39,Hyderabad
105,user105@gmail.com,Triund,2,Easy,20-07-2024,Off,3400,3,10200,Completed,0,55,Pune
106,user106@gmail.com,Sandakphu,6,Difficult,14-09-2023,Moderate,15000,1,15000,Cancelled - Full Refund,1,30,Pune
107,user107@gmail.com,Valley of Flowers,6,Moderate,07-05-2023,Moderate,13000,6,78000,Completed,0,48,Bangalore
108,user108@gmail.com,Kedarkantha,7,Moderate,17-09-2024,Moderate,14000,4,56000,Cancelled - Partial Refund,4,46,Bangalore
109,user109@gmail.com,Valley of Flowers,6,Moderate,20-08-2024,Off,11050,6,66300,Completed,0,20,Hyderabad
110,user110@gmail.com,Kedarkantha,7,Moderate,31-10-2023,Peak,16800,1,16800,Completed,0,54,Mumbai
111,user111@gmail.com,Kedarkantha,7,Moderate,11-10-2024,Peak,16800,5,84000,Cancelled - No Refund,5,53,Chennai
112,user112@gmail.com,Valley of Flowers,6,Moderate,04-08-2023,Off,11050,1,11050,Cancelled - Partial Refund,1,45,Chennai
113,user113@gmail.com,Triund,2,Easy,29-07-2023,Off,3400,1,3400,Completed,0,19,Bangalore
114,user114@gmail.com,Sandakphu,6,Difficult,07-01-2024,Peak,18000,1,18000,Completed,0,44,Mumbai
115,user115@gmail.com,Triund,2,Easy,23-11-2024,Peak,4800,6,28800,Completed,0,23,Mumbai
116,user116@gmail.com,Hampta Pass,5,Moderate,22-07-2025,Off,10200,5,51000,Completed,0,34,Chennai
117,user117@gmail.com,Hampta Pass,5,Moderate,21-04-2024,Moderate,12000,1,12000,Completed,0,54,Mumbai
118,user118@gmail.com,Triund,2,Easy,28-07-2023,Off,3400,2,6800,Completed,0,18,Pune
119,user119@gmail.com,Hampi,5,Easy,01-05-2025,Moderate,9000,6,54000,Completed,0,37,Pune
120,user120@gmail.com,Hampi,5,Easy,27-05-2023,Moderate,9000,6,54000,Completed,0,53,Delhi
121,user121@gmail.com,Valley of Flowers,6,Moderate,25-07-2023,Off,11050,6,66300,Completed,0,36,Hyderabad
122,user122@gmail.com,Kedarkantha,7,Moderate,28-01-2024,Peak,16800,6,100800,Completed,0,55,Delhi
123,user123@gmail.com,Triund,2,Easy,18-04-2023,Moderate,4000,4,16000,Cancelled - No Refund,4,50,Hyderabad
124,user124@gmail.com,Hampi,5,Easy,07-10-2024,Peak,10800,6,64800,Completed,0,37,Hyderabad
125,user125@gmail.com,Kedarkantha,7,Moderate,18-12-2023,Peak,16800,5,84000,Completed,0,42,Mumbai
126,user126@gmail.com,Kedarkantha,7,Moderate,12-01-2023,Peak,16800,3,50400,Completed,0,51,Delhi
127,user127@gmail.com,Sandakphu,6,Difficult,29-11-2025,Peak,18000,6,108000,Completed,0,28,Bangalore
128,user128@gmail.com,Sandakphu,6,Difficult,08-04-2023,Moderate,15000,2,30000,Cancelled - Full Refund,2,41,Hyderabad
129,user129@gmail.com,Triund,2,Easy,20-02-2023,Peak,4800,5,24000,Completed,0,30,Chennai
130,user130@gmail.com,Triund,2,Easy,04-05-2023,Moderate,4000,2,8000,Completed,0,31,Bangalore
131,user131@gmail.com,Kedarkantha,7,Moderate,12-08-2023,Off,11900,4,47600,Completed,0,20,Bangalore
132,user132@gmail.com,Hampta Pass,5,Moderate,19-11-2023,Peak,14400,4,57600,Completed,0,45,Bangalore
133,user133@gmail.com,Sandakphu,6,Difficult,05-06-2024,Off,12750,4,51000,Cancelled - Partial Refund,4,42,Pune
134,user134@gmail.com,Valley of Flowers,6,Moderate,31-07-2023,Off,11050,2,22100,Cancelled - No Refund,2,19,Delhi
135,user135@gmail.com,Kedarkantha,7,Moderate,26-01-2024,Peak,16800,5,84000,Completed,0,49,Chennai
136,user136@gmail.com,Kedarkantha,7,Moderate,25-11-2025,Peak,16800,3,50400,Completed,0,55,Delhi
137,user137@gmail.com,Kedarkantha,7,Moderate,13-06-2023,Off,11900,1,11900,Completed,0,29,Bangalore
138,user138@gmail.com,Valley of Flowers,6,Moderate,01-02-2023,Peak,15600,4,62400,Completed,0,46,Mumbai
139,user139@gmail.com,Hampi,5,Easy,13-02-2025,Peak,10800,5,54000,Cancelled - Partial Refund,5,27,Hyderabad
140,user140@gmail.com,Sandakphu,6,Difficult,07-08-2023,Off,12750,5,63750,Completed,0,46,Hyderabad
141,user141@gmail.com,Kedarkantha,7,Moderate,17-05-2024,Moderate,14000,5,70000,Completed,0,24,Hyderabad
142,user142@gmail.com,Valley of Flowers,6,Moderate,08-10-2024,Peak,15600,1,15600,Completed,0,36,Chennai
143,user143@gmail.com,Valley of Flowers,6,Moderate,25-04-2024,Moderate,13000,1,13000,Completed,0,38,Mumbai
144,user144@gmail.com,Triund,2,Easy,04-01-2024,Peak,4800,3,14400,Completed,0,54,Delhi
145,user145@gmail.com,Hampta Pass,5,Moderate,24-09-2025,Moderate,12000,6,72000,Completed,0,50,Mumbai
146,user146@gmail.com,Sandakphu,6,Difficult,23-05-2024,Moderate,15000,3,45000,Completed,0,45,Bangalore
147,user147@gmail.com,Kedarkantha,7,Moderate,26-07-2023,Off,11900,2,23800,Completed,0,52,Pune
148,user148@gmail.com,Kedarkantha,7,Moderate,09-05-2023,Moderate,14000,2,28000,Cancelled - No Refund,2,43,Hyderabad
149,user149@gmail.com,Sandakphu,6,Difficult,03-09-2025,Moderate,15000,5,75000,Completed,0,36,Chennai
150,user150@gmail.com,Hampi,5,Easy,17-10-2025,Peak,10800,6,64800,Completed,0,51,Mumbai
151,user151@gmail.com,Hampi,5,Easy,19-02-2023,Peak,10800,3,32400,Completed,0,28,Mumbai
152,user152@gmail.com,Hampta Pass,5,Moderate,11-01-2025,Peak,14400,2,28800,Completed,0,39,Pune
153,user153@gmail.com,Triund,2,Easy,25-01-2024,Peak,4800,6,28800,Completed,0,38,Bangalore
154,user154@gmail.com,Kedarkantha,7,Moderate,18-07-2025,Off,11900,4,47600,Completed,0,44,Pune
155,user155@gmail.com,Hampta Pass,5,Moderate,03-02-2024,Peak,14400,1,14400,Completed,0,40,Pune
156,user156@gmail.com,Hampta Pass,5,Moderate,11-05-2025,Moderate,12000,4,48000,Completed,0,26,Hyderabad
157,user157@gmail.com,Valley of Flowers,6,Moderate,16-04-2023,Moderate,13000,5,65000,Completed,0,34,Hyderabad
158,user158@gmail.com,Sandakphu,6,Difficult,13-01-2023,Peak,18000,2,36000,Completed,0,50,Hyderabad
159,user159@gmail.com,Sandakphu,6,Difficult,16-12-2025,Peak,18000,5,90000,Completed,0,23,Pune
160,user160@gmail.com,Hampta Pass,5,Moderate,22-01-2023,Peak,14400,6,86400,Completed,0,36,Bangalore
161,user161@gmail.com,Triund,2,Easy,19-06-2025,Off,3400,2,6800,Completed,0,55,Delhi
162,user162@gmail.com,Hampi,5,Easy,15-06-2024,Off,7650,6,45900,Completed,0,55,Chennai
163,user163@gmail.com,Kedarkantha,7,Moderate,20-12-2025,Peak,16800,2,33600,Completed,0,42,Hyderabad
164,user164@gmail.com,Kedarkantha,7,Moderate,20-10-2023,Peak,16800,2,33600,Completed,0,29,Chennai
165,user165@gmail.com,Kedarkantha,7,Moderate,21-08-2024,Off,11900,3,35700,Completed,0,29,Hyderabad
166,user166@gmail.com,Sandakphu,6,Difficult,14-12-2025,Peak,18000,1,18000,Completed,0,53,Chennai
167,user167@gmail.com,Valley of Flowers,6,Moderate,27-03-2024,Moderate,13000,6,78000,Completed,0,40,Mumbai
168,user168@gmail.com,Triund,2,Easy,28-12-2025,Peak,4800,2,9600,Completed,0,47,Hyderabad
169,user169@gmail.com,Kedarkantha,7,Moderate,11-10-2025,Peak,16800,1,16800,Completed,0,18,Delhi
170,user170@gmail.com,Sandakphu,6,Difficult,14-05-2024,Moderate,15000,2,30000,Cancelled - Full Refund,2,38,Mumbai
171,user171@gmail.com,Sandakphu,6,Difficult,20-04-2023,Moderate,15000,3,45000,Completed,0,47,Bangalore
172,user172@gmail.com,Triund,2,Easy,10-05-2024,Moderate,4000,2,8000,Cancelled - Full Refund,2,30,Chennai
173,user173@gmail.com,Triund,2,Easy,21-03-2024,Moderate,4000,2,8000,Completed,0,46,Pune
174,user174@gmail.com,Valley of Flowers,6,Moderate,13-03-2023,Moderate,13000,1,13000,Completed,0,31,Bangalore
175,user175@gmail.com,Kedarkantha,7,Moderate,18-04-2025,Moderate,14000,3,42000,Completed,0,30,Hyderabad
176,user176@gmail.com,Hampi,5,Easy,07-08-2023,Off,7650,1,7650,Completed,0,20,Hyderabad
177,user177@gmail.com,Hampta Pass,5,Moderate,16-06-2025,Off,10200,5,51000,Completed,0,31,Bangalore
178,user178@gmail.com,Hampi,5,Easy,13-04-2023,Moderate,9000,2,18000,Completed,0,30,Delhi
179,user179@gmail.com,Kedarkantha,7,Moderate,30-10-2023,Peak,16800,1,16800,Completed,0,46,Bangalore
180,user180@gmail.com,Valley of Flowers,6,Moderate,18-10-2024,Peak,15600,2,31200,Completed,0,32,Bangalore
181,user181@gmail.com,Kedarkantha,7,Moderate,02-03-2025,Moderate,14000,6,84000,Completed,0,45,Delhi
182,user182@gmail.com,Kedarkantha,7,Moderate,08-04-2024,Moderate,14000,3,42000,Completed,0,28,Pune
183,user183@gmail.com,Hampi,5,Easy,20-11-2025,Peak,10800,1,10800,Cancelled - Full Refund,1,45,Delhi
184,user184@gmail.com,Hampi,5,Easy,04-03-2024,Moderate,9000,1,9000,Completed,0,35,Delhi
185,user185@gmail.com,Kedarkantha,7,Moderate,13-02-2024,Peak,16800,3,50400,Completed,0,31,Mumbai
186,user186@gmail.com,Kedarkantha,7,Moderate,26-07-2025,Off,11900,6,71400,Completed,0,48,Mumbai
187,user187@gmail.com,Triund,2,Easy,30-11-2025,Peak,4800,3,14400,Completed,0,20,Bangalore
188,user188@gmail.com,Hampi,5,Easy,05-06-2025,Off,7650,4,30600,Completed,0,35,Hyderabad
189,user189@gmail.com,Kedarkantha,7,Moderate,29-01-2025,Peak,16800,6,100800,Completed,0,37,Bangalore
190,user190@gmail.com,Hampta Pass,5,Moderate,15-11-2025,Peak,14400,1,14400,Completed,0,41,Bangalore
191,user191@gmail.com,Hampi,5,Easy,07-09-2024,Moderate,9000,4,36000,Completed,0,27,Bangalore
192,user192@gmail.com,Hampi,5,Easy,18-08-2024,Off,7650,3,22950,Completed,0,23,Pune
193,user193@gmail.com,Valley of Flowers,6,Moderate,07-03-2023,Moderate,13000,2,26000,Completed,0,37,Chennai
194,user194@gmail.com,Hampta Pass,5,Moderate,24-08-2023,Off,10200,4,40800,Cancelled - Partial Refund,4,33,Mumbai
195,user195@gmail.com,Triund,2,Easy,24-01-2024,Peak,4800,6,28800,Completed,0,38,Hyderabad
196,user196@gmail.com,Valley of Flowers,6,Moderate,09-09-2025,Moderate,13000,3,39000,Cancelled - No Refund,3,24,Delhi
197,user197@gmail.com,Sandakphu,6,Difficult,21-07-2024,Off,12750,6,76500,Completed,0,23,Delhi
198,user198@gmail.com,Hampi,5,Easy,19-05-2023,Moderate,9000,1,9000,Cancelled - Full Refund,1,39,Pune
199,user199@gmail.com,Triund,2,Easy,24-03-2025,Moderate,4000,6,24000,Completed,0,31,Hyderabad
200,user200@gmail.com,Kedarkantha,7,Moderate,30-10-2025,Peak,16800,1,16800,Completed,0,51,Pune
201,user201@gmail.com,Sandakphu,6,Difficult,10-09-2024,Moderate,15000,5,75000,Completed,0,48,Chennai
202,user202@gmail.com,Hampi,5,Easy,09-08-2024,Off,7650,6,45900,Completed,0,38,Delhi
203,user203@gmail.com,Kedarkantha,7,Moderate,25-09-2024,Moderate,14000,6,84000,Completed,0,33,Mumbai
204,user204@gmail.com,Kedarkantha,7,Moderate,02-10-2025,Peak,16800,3,50400,Completed,0,23,Mumbai
205,user205@gmail.com,Sandakphu,6,Difficult,29-01-2025,Peak,18000,2,36000,Completed,0,29,Hyderabad
206,user206@gmail.com,Hampta Pass,5,Moderate,08-01-2024,Peak,14400,3,43200,Completed,0,19,Mumbai
207,user207@gmail.com,Triund,2,Easy,26-04-2023,Moderate,4000,4,16000,Completed,0,32,Chennai
208,user208@gmail.com,Hampta Pass,5,Moderate,11-04-2023,Moderate,12000,6,72000,Completed,0,54,Mumbai
209,user209@gmail.com,Kedarkantha,7,Moderate,23-05-2024,Moderate,14000,6,84000,Completed,0,35,Hyderabad
210,user210@gmail.com,Sandakphu,6,Difficult,10-05-2023,Moderate,15000,1,15000,Completed,0,35,Bangalore
211,user211@gmail.com,Kedarkantha,7,Moderate,12-10-2025,Peak,16800,2,33600,Completed,0,33,Delhi
212,user212@gmail.com,Hampi,5,Easy,08-10-2024,Peak,10800,3,32400,Completed,0,21,Bangalore
213,user213@gmail.com,Hampta Pass,5,Moderate,27-05-2025,Moderate,12000,3,36000,Completed,0,40,Delhi
214,user214@gmail.com,Sandakphu,6,Difficult,20-12-2023,Peak,18000,4,72000,Completed,0,54,Chennai
215,user215@gmail.com,Sandakphu,6,Difficult,23-01-2024,Peak,18000,3,54000,Completed,0,38,Delhi
216,user216@gmail.com,Sandakphu,6,Difficult,04-04-2023,Moderate,15000,6,90000,Completed,0,27,Delhi
217,user217@gmail.com,Triund,2,Easy,28-10-2023,Peak,4800,6,28800,Cancelled - Full Refund,6,46,Bangalore
218,user218@gmail.com,Hampi,5,Easy,16-02-2025,Peak,10800,5,54000,Completed,0,27,Hyderabad
219,user219@gmail.com,Hampi,5,Easy,30-03-2023,Moderate,9000,5,45000,Completed,0,45,Hyderabad
220,user220@gmail.com,Hampi,5,Easy,19-06-2025,Off,7650,4,30600,Cancelled - Full Refund,4,50,Chennai
221,user221@gmail.com,Triund,2,Easy,20-07-2024,Off,3400,3,10200,Completed,0,39,Pune
222,user222@gmail.com,Valley of Flowers,6,Moderate,06-11-2024,Peak,15600,3,46800,Cancelled - No Refund,3,30,Delhi
223,user223@gmail.com,Sandakphu,6,Difficult,21-04-2025,Moderate,15000,2,30000,Completed,0,31,Mumbai
224,user224@gmail.com,Hampi,5,Easy,24-04-2025,Moderate,9000,1,9000,Completed,0,18,Pune
225,user225@gmail.com,Valley of Flowers,6,Moderate,11-08-2025,Off,11050,5,55250,Completed,0,53,Hyderabad
226,user226@gmail.com,Kedarkantha,7,Moderate,14-04-2023,Moderate,14000,3,42000,Completed,0,36,Pune
227,user227@gmail.com,Sandakphu,6,Difficult,15-02-2023,Peak,18000,1,18000,Completed,0,32,Chennai
228,user228@gmail.com,Kedarkantha,7,Moderate,15-03-2024,Moderate,14000,1,14000,Cancelled - Full Refund,1,45,Delhi
229,user229@gmail.com,Kedarkantha,7,Moderate,10-06-2025,Off,11900,2,23800,Completed,0,29,Chennai
230,user230@gmail.com,Triund,2,Easy,10-10-2023,Peak,4800,2,9600,Completed,0,18,Mumbai
231,user231@gmail.com,Sandakphu,6,Difficult,23-09-2025,Moderate,15000,6,90000,Completed,0,39,Delhi
232,user232@gmail.com,Valley of Flowers,6,Moderate,08-04-2025,Moderate,13000,3,39000,Cancelled - Partial Refund,3,34,Mumbai
233,user233@gmail.com,Triund,2,Easy,13-07-2023,Off,3400,1,3400,Cancelled - Full Refund,1,52,Pune
234,user234@gmail.com,Sandakphu,6,Difficult,03-09-2024,Moderate,15000,5,75000,Completed,0,30,Chennai
235,user235@gmail.com,Hampta Pass,5,Moderate,30-09-2024,Moderate,12000,4,48000,Cancelled - No Refund,4,35,Hyderabad
236,user236@gmail.com,Hampi,5,Easy,19-04-2023,Moderate,9000,4,36000,Completed,0,18,Chennai
237,user237@gmail.com,Hampi,5,Easy,11-05-2024,Moderate,9000,3,27000,Completed,0,32,Bangalore
238,user238@gmail.com,Hampi,5,Easy,19-06-2025,Off,7650,2,15300,Completed,0,25,Bangalore
239,user239@gmail.com,Sandakphu,6,Difficult,31-07-2025,Off,12750,6,76500,Completed,0,50,Hyderabad
240,user240@gmail.com,Kedarkantha,7,Moderate,05-04-2025,Moderate,14000,5,70000,Completed,0,27,Chennai
241,user241@gmail.com,Triund,2,Easy,05-06-2023,Off,3400,3,10200,Completed,0,22,Mumbai
242,user242@gmail.com,Hampta Pass,5,Moderate,15-10-2023,Peak,14400,6,86400,Cancelled - No Refund,6,26,Delhi
243,user243@gmail.com,Kedarkantha,7,Moderate,26-03-2024,Moderate,14000,6,84000,Completed,0,51,Chennai
244,user244@gmail.com,Sandakphu,6,Difficult,30-03-2023,Moderate,15000,6,90000,Completed,0,32,Hyderabad
245,user245@gmail.com,Valley of Flowers,6,Moderate,22-07-2024,Off,11050,4,44200,Completed,0,44,Hyderabad
246,user246@gmail.com,Kedarkantha,7,Moderate,01-01-2025,Peak,16800,4,67200,Completed,0,23,Hyderabad
247,user247@gmail.com,Sandakphu,6,Difficult,27-12-2024,Peak,18000,1,18000,Completed,0,34,Chennai
248,user248@gmail.com,Sandakphu,6,Difficult,22-01-2024,Peak,18000,6,108000,Completed,0,31,Chennai
249,user249@gmail.com,Hampta Pass,5,Moderate,17-05-2024,Moderate,12000,5,60000,Completed,0,42,Mumbai
250,user250@gmail.com,Hampta Pass,5,Moderate,10-11-2025,Peak,14400,4,57600,Cancelled - Partial Refund,4,49,Pune
251,user251@gmail.com,Triund,2,Easy,29-01-2025,Peak,4800,3,14400,Completed,0,38,Mumbai
252,user252@gmail.com,Triund,2,Easy,04-02-2024,Peak,4800,6,28800,Completed,0,30,Chennai
253,user253@gmail.com,Hampi,5,Easy,14-03-2025,Moderate,9000,6,54000,Completed,0,24,Hyderabad
254,user254@gmail.com,Hampta Pass,5,Moderate,05-03-2024,Moderate,12000,2,24000,Cancelled - No Refund,2,36,Hyderabad
255,user255@gmail.com,Hampi,5,Easy,17-05-2023,Moderate,9000,2,18000,Completed,0,36,Chennai
256,user256@gmail.com,Triund,2,Easy,06-02-2025,Peak,4800,2,9600,Completed,0,48,Chennai
257,user257@gmail.com,Kedarkantha,7,Moderate,20-05-2024,Moderate,14000,1,14000,Completed,0,37,Chennai
258,user258@gmail.com,Kedarkantha,7,Moderate,28-12-2025,Peak,16800,4,67200,Completed,0,22,Chennai
259,user259@gmail.com,Hampi,5,Easy,29-11-2023,Peak,10800,6,64800,Completed,0,45,Chennai
260,user260@gmail.com,Sandakphu,6,Difficult,27-08-2025,Off,12750,6,76500,Completed,0,33,Mumbai
261,user261@gmail.com,Sandakphu,6,Difficult,05-06-2025,Off,12750,4,51000,Completed,0,43,Delhi
262,user262@gmail.com,Kedarkantha,7,Moderate,19-06-2025,Off,11900,5,59500,Completed,0,24,Chennai
263,user263@gmail.com,Sandakphu,6,Difficult,31-10-2024,Peak,18000,2,36000,Completed,0,39,Hyderabad
264,user264@gmail.com,Valley of Flowers,6,Moderate,12-09-2025,Moderate,13000,6,78000,Completed,0,20,Delhi
265,user265@gmail.com,Kedarkantha,7,Moderate,03-07-2024,Off,11900,3,35700,Completed,0,52,Mumbai
266,user266@gmail.com,Triund,2,Easy,08-03-2023,Moderate,4000,2,8000,Completed,0,27,Mumbai
267,user267@gmail.com,Hampta Pass,5,Moderate,16-04-2024,Moderate,12000,5,60000,Completed,0,19,Chennai
268,user268@gmail.com,Triund,2,Easy,05-06-2025,Off,3400,4,13600,Completed,0,38,Mumbai
269,user269@gmail.com,Sandakphu,6,Difficult,02-02-2024,Peak,18000,1,18000,Completed,0,39,Hyderabad
270,user270@gmail.com,Hampta Pass,5,Moderate,21-09-2023,Moderate,12000,5,60000,Completed,0,30,Mumbai
271,user271@gmail.com,Hampta Pass,5,Moderate,27-11-2023,Peak,14400,4,57600,Completed,0,23,Mumbai
272,user272@gmail.com,Triund,2,Easy,04-01-2023,Peak,4800,3,14400,Completed,0,51,Delhi
273,user273@gmail.com,Sandakphu,6,Difficult,26-03-2025,Moderate,15000,6,90000,Completed,0,29,Hyderabad
274,user274@gmail.com,Valley of Flowers,6,Moderate,07-09-2023,Moderate,13000,1,13000,Cancelled - Full Refund,1,55,Chennai
275,user275@gmail.com,Hampi,5,Easy,04-03-2024,Moderate,9000,3,27000,Completed,0,21,Pune
276,user276@gmail.com,Valley of Flowers,6,Moderate,16-07-2024,Off,11050,3,33150,Completed,0,42,Chennai
277,user277@gmail.com,Sandakphu,6,Difficult,16-10-2024,Peak,18000,3,54000,Completed,0,40,Chennai
278,user278@gmail.com,Triund,2,Easy,15-02-2025,Peak,4800,3,14400,Completed,0,39,Pune
279,user279@gmail.com,Valley of Flowers,6,Moderate,14-07-2024,Off,11050,5,55250,Cancelled - Partial Refund,5,55,Delhi
280,user280@gmail.com,Sandakphu,6,Difficult,09-04-2025,Moderate,15000,6,90000,Completed,0,23,Chennai
281,user281@gmail.com,Hampta Pass,5,Moderate,21-09-2025,Moderate,12000,3,36000,Completed,0,44,Hyderabad
282,user282@gmail.com,Hampta Pass,5,Moderate,17-02-2025,Peak,14400,1,14400,Completed,0,30,Delhi
283,user283@gmail.com,Kedarkantha,7,Moderate,01-02-2023,Peak,16800,3,50400,Completed,0,28,Delhi
284,user284@gmail.com,Kedarkantha,7,Moderate,14-08-2025,Off,11900,3,35700,Completed,0,47,Mumbai
285,user285@gmail.com,Hampi,5,Easy,18-05-2023,Moderate,9000,3,27000,Completed,0,44,Bangalore
286,user286@gmail.com,Kedarkantha,7,Moderate,10-10-2024,Peak,16800,1,16800,Completed,0,26,Hyderabad
287,user287@gmail.com,Sandakphu,6,Difficult,17-12-2023,Peak,18000,1,18000,Completed,0,54,Delhi
288,user288@gmail.com,Triund,2,Easy,12-06-2023,Off,3400,1,3400,Cancelled - Full Refund,1,37,Hyderabad
289,user289@gmail.com,Kedarkantha,7,Moderate,05-10-2025,Peak,16800,6,100800,Completed,0,29,Hyderabad
290,user290@gmail.com,Valley of Flowers,6,Moderate,09-08-2023,Off,11050,2,22100,Completed,0,25,Mumbai
291,user291@gmail.com,Kedarkantha,7,Moderate,07-02-2023,Peak,16800,1,16800,Completed,0,47,Mumbai
292,user292@gmail.com,Kedarkantha,7,Moderate,12-01-2024,Peak,16800,6,100800,Completed,0,26,Hyderabad
293,user293@gmail.com,Hampta Pass,5,Moderate,11-04-2023,Moderate,12000,2,24000,Completed,0,37,Delhi
294,user294@gmail.com,Sandakphu,6,Difficult,15-04-2025,Moderate,15000,3,45000,Completed,0,28,Delhi
295,user295@gmail.com,Hampta Pass,5,Moderate,13-03-2023,Moderate,12000,5,60000,Completed,0,54,Chennai
296,user296@gmail.com,Sandakphu,6,Difficult,13-05-2024,Moderate,15000,6,90000,Completed,0,18,Bangalore
297,user297@gmail.com,Hampta Pass,5,Moderate,08-06-2024,Off,10200,5,51000,Completed,0,50,Chennai
298,user298@gmail.com,Hampi,5,Easy,22-06-2023,Off,7650,1,7650,Cancelled - No Refund,1,35,Chennai
299,user299@gmail.com,Hampi,5,Easy,13-09-2023,Moderate,9000,2,18000,Cancelled - Full Refund,2,18,Bangalore
300,user300@gmail.com,Triund,2,Easy,13-12-2025,Peak,4800,2,9600,Completed,0,47,Hyderabad
301,user301@gmail.com,Hampta Pass,5,Moderate,02-12-2025,Peak,14400,3,43200,Completed,0,30,Hyderabad
302,user302@gmail.com,Sandakphu,6,Difficult,27-05-2023,Moderate,15000,2,30000,Completed,0,27,Pune
303,user303@gmail.com,Kedarkantha,7,Moderate,25-06-2024,Off,11900,6,71400,Completed,0,46,Delhi
304,user304@gmail.com,Hampi,5,Easy,25-12-2024,Peak,10800,4,43200,Completed,0,25,Chennai
305,user305@gmail.com,Hampta Pass,5,Moderate,29-01-2023,Peak,14400,3,43200,Completed,0,46,Delhi
306,user306@gmail.com,Hampta Pass,5,Moderate,08-12-2023,Peak,14400,6,86400,Completed,0,24,Mumbai
307,user307@gmail.com,Kedarkantha,7,Moderate,22-01-2025,Peak,16800,3,50400,Completed,0,55,Bangalore
308,user308@gmail.com,Sandakphu,6,Difficult,26-04-2023,Moderate,15000,5,75000,Cancelled - No Refund,5,33,Pune
309,user309@gmail.com,Valley of Flowers,6,Moderate,26-02-2025,Peak,15600,4,62400,Completed,0,18,Delhi
310,user310@gmail.com,Triund,2,Easy,09-03-2023,Moderate,4000,3,12000,Completed,0,18,Chennai
311,user311@gmail.com,Kedarkantha,7,Moderate,03-10-2023,Peak,16800,4,67200,Completed,0,38,Delhi
312,user312@gmail.com,Valley of Flowers,6,Moderate,14-11-2025,Peak,15600,1,15600,Completed,0,20,Hyderabad
313,user313@gmail.com,Hampta Pass,5,Moderate,29-04-2025,Moderate,12000,5,60000,Completed,0,35,Bangalore
314,user314@gmail.com,Kedarkantha,7,Moderate,15-08-2023,Off,11900,5,59500,Completed,0,51,Chennai
315,user315@gmail.com,Hampta Pass,5,Moderate,04-03-2023,Moderate,12000,3,36000,Completed,0,43,Mumbai
316,user316@gmail.com,Valley of Flowers,6,Moderate,30-10-2023,Peak,15600,4,62400,Completed,0,32,Pune
317,user317@gmail.com,Sandakphu,6,Difficult,31-05-2023,Moderate,15000,5,75000,Completed,0,40,Hyderabad
318,user318@gmail.com,Sandakphu,6,Difficult,15-03-2024,Moderate,15000,4,60000,Cancelled - Partial Refund,4,33,Pune
319,user319@gmail.com,Valley of Flowers,6,Moderate,01-07-2024,Off,11050,3,33150,Completed,0,43,Mumbai
320,user320@gmail.com,Sandakphu,6,Difficult,04-07-2023,Off,12750,5,63750,Completed,0,37,Delhi
321,user321@gmail.com,Hampi,5,Easy,15-03-2024,Moderate,9000,2,18000,Completed,0,26,Bangalore
322,user322@gmail.com,Kedarkantha,7,Moderate,02-08-2025,Off,11900,1,11900,Completed,0,20,Pune
323,user323@gmail.com,Sandakphu,6,Difficult,16-08-2024,Off,12750,3,38250,Completed,0,27,Bangalore
324,user324@gmail.com,Sandakphu,6,Difficult,24-10-2024,Peak,18000,6,108000,Completed,0,41,Delhi
325,user325@gmail.com,Triund,2,Easy,18-06-2024,Off,3400,3,10200,Cancelled - Full Refund,3,41,Delhi
326,user326@gmail.com,Hampi,5,Easy,25-09-2023,Moderate,9000,2,18000,Completed,0,47,Hyderabad
327,user327@gmail.com,Kedarkantha,7,Moderate,25-12-2024,Peak,16800,3,50400,Completed,0,48,Bangalore
328,user328@gmail.com,Sandakphu,6,Difficult,16-10-2023,Peak,18000,6,108000,Completed,0,27,Chennai
329,user329@gmail.com,Kedarkantha,7,Moderate,12-03-2024,Moderate,14000,2,28000,Completed,0,50,Hyderabad
330,user330@gmail.com,Triund,2,Easy,10-12-2024,Peak,4800,4,19200,Completed,0,38,Pune
331,user331@gmail.com,Valley of Flowers,6,Moderate,05-03-2024,Moderate,13000,2,26000,Completed,0,44,Hyderabad
332,user332@gmail.com,Valley of Flowers,6,Moderate,17-10-2024,Peak,15600,4,62400,Completed,0,23,Bangalore
333,user333@gmail.com,Valley of Flowers,6,Moderate,10-12-2024,Peak,15600,5,78000,Completed,0,55,Hyderabad
334,user334@gmail.com,Valley of Flowers,6,Moderate,07-11-2024,Peak,15600,6,93600,Cancelled - No Refund,6,54,Bangalore
335,user335@gmail.com,Triund,2,Easy,16-02-2024,Peak,4800,3,14400,Completed,0,18,Bangalore
336,user336@gmail.com,Triund,2,Easy,12-05-2024,Moderate,4000,3,12000,Completed,0,40,Delhi
337,user337@gmail.com,Triund,2,Easy,23-05-2025,Moderate,4000,4,16000,Completed,0,46,Hyderabad
338,user338@gmail.com,Kedarkantha,7,Moderate,21-02-2025,Peak,16800,5,84000,Completed,0,24,Mumbai
339,user339@gmail.com,Hampi,5,Easy,08-07-2024,Off,7650,4,30600,Completed,0,32,Pune
340,user340@gmail.com,Hampi,5,Easy,12-10-2024,Peak,10800,5,54000,Completed,0,21,Bangalore
341,user341@gmail.com,Hampi,5,Easy,13-03-2024,Moderate,9000,5,45000,Cancelled - Full Refund,5,50,Hyderabad
342,user342@gmail.com,Hampta Pass,5,Moderate,14-03-2025,Moderate,12000,1,12000,Completed,0,32,Bangalore
343,user343@gmail.com,Valley of Flowers,6,Moderate,26-03-2025,Moderate,13000,6,78000,Completed,0,50,Chennai
344,user344@gmail.com,Hampta Pass,5,Moderate,22-10-2023,Peak,14400,6,86400,Completed,0,36,Bangalore
345,user345@gmail.com,Hampi,5,Easy,08-06-2025,Off,7650,5,38250,Completed,0,42,Pune
346,user346@gmail.com,Hampi,5,Easy,23-09-2025,Moderate,9000,6,54000,Completed,0,39,Pune
347,user347@gmail.com,Triund,2,Easy,15-02-2024,Peak,4800,5,24000,Completed,0,46,Delhi
348,user348@gmail.com,Kedarkantha,7,Moderate,15-01-2023,Peak,16800,2,33600,Completed,0,36,Hyderabad
349,user349@gmail.com,Valley of Flowers,6,Moderate,18-04-2024,Moderate,13000,1,13000,Cancelled - Partial Refund,1,55,Delhi
350,user350@gmail.com,Kedarkantha,7,Moderate,22-02-2024,Peak,16800,5,84000,Completed,0,33,Chennai
351,user351@gmail.com,Triund,2,Easy,28-08-2023,Off,3400,2,6800,Cancelled - Full Refund,2,27,Hyderabad
352,user352@gmail.com,Hampi,5,Easy,17-04-2024,Moderate,9000,6,54000,Completed,0,41,Chennai
353,user353@gmail.com,Valley of Flowers,6,Moderate,12-06-2024,Off,11050,2,22100,Completed,0,19,Hyderabad
354,user354@gmail.com,Hampi,5,Easy,08-12-2025,Peak,10800,5,54000,Completed,0,49,Mumbai
355,user355@gmail.com,Valley of Flowers,6,Moderate,16-09-2025,Moderate,13000,5,65000,Completed,0,32,Chennai
356,user356@gmail.com,Hampi,5,Easy,27-09-2024,Moderate,9000,2,18000,Completed,0,29,Delhi
357,user357@gmail.com,Valley of Flowers,6,Moderate,07-10-2023,Peak,15600,1,15600,Completed,0,53,Delhi
358,user358@gmail.com,Hampta Pass,5,Moderate,01-11-2025,Peak,14400,6,86400,Completed,0,48,Chennai
359,user359@gmail.com,Sandakphu,6,Difficult,02-10-2023,Peak,18000,3,54000,Completed,0,27,Delhi
360,user360@gmail.com,Sandakphu,6,Difficult,28-09-2024,Moderate,15000,1,15000,Completed,0,19,Pune
361,user361@gmail.com,Sandakphu,6,Difficult,18-05-2024,Moderate,15000,2,30000,Cancelled - Partial Refund,2,33,Mumbai
362,user362@gmail.com,Hampta Pass,5,Moderate,03-06-2024,Off,10200,6,61200,Completed,0,46,Delhi
363,user363@gmail.com,Valley of Flowers,6,Moderate,14-04-2025,Moderate,13000,3,39000,Cancelled - Full Refund,3,18,Pune
364,user364@gmail.com,Triund,2,Easy,24-11-2024,Peak,4800,5,24000,Completed,0,21,Mumbai
365,user365@gmail.com,Hampi,5,Easy,25-03-2023,Moderate,9000,1,9000,Completed,0,42,Chennai
366,user366@gmail.com,Hampi,5,Easy,28-11-2025,Peak,10800,1,10800,Completed,0,30,Hyderabad
367,user367@gmail.com,Kedarkantha,7,Moderate,20-08-2024,Off,11900,4,47600,Completed,0,38,Delhi
368,user368@gmail.com,Valley of Flowers,6,Moderate,30-09-2023,Moderate,13000,6,78000,Cancelled - Partial Refund,6,38,Mumbai
369,user369@gmail.com,Hampta Pass,5,Moderate,05-12-2024,Peak,14400,6,86400,Completed,0,20,Bangalore
370,user370@gmail.com,Kedarkantha,7,Moderate,24-03-2025,Moderate,14000,6,84000,Completed,0,49,Pune
371,user371@gmail.com,Valley of Flowers,6,Moderate,08-02-2024,Peak,15600,4,62400,Cancelled - Partial Refund,4,52,Hyderabad
372,user372@gmail.com,Sandakphu,6,Difficult,06-11-2024,Peak,18000,2,36000,Completed,0,47,Bangalore
373,user373@gmail.com,Hampi,5,Easy,24-02-2024,Peak,10800,2,21600,Cancelled - Partial Refund,2,46,Mumbai
374,user374@gmail.com,Hampta Pass,5,Moderate,06-03-2025,Moderate,12000,4,48000,Completed,0,20,Pune
375,user375@gmail.com,Hampi,5,Easy,03-02-2024,Peak,10800,3,32400,Completed,0,47,Pune
376,user376@gmail.com,Triund,2,Easy,08-06-2023,Off,3400,6,20400,Cancelled - Partial Refund,6,47,Bangalore
377,user377@gmail.com,Kedarkantha,7,Moderate,02-04-2024,Moderate,14000,1,14000,Completed,0,23,Chennai
378,user378@gmail.com,Kedarkantha,7,Moderate,25-02-2024,Peak,16800,5,84000,Completed,0,47,Hyderabad
379,user379@gmail.com,Kedarkantha,7,Moderate,03-07-2023,Off,11900,4,47600,Cancelled - Full Refund,4,52,Bangalore
380,user380@gmail.com,Sandakphu,6,Difficult,01-06-2024,Off,12750,3,38250,Completed,0,18,Pune
381,user381@gmail.com,Hampta Pass,5,Moderate,31-08-2023,Off,10200,6,61200,Completed,0,49,Chennai
382,user382@gmail.com,Hampi,5,Easy,01-08-2023,Off,7650,2,15300,Cancelled - Partial Refund,2,47,Pune
383,user383@gmail.com,Hampi,5,Easy,20-10-2024,Peak,10800,1,10800,Completed,0,24,Mumbai
384,user384@gmail.com,Kedarkantha,7,Moderate,16-02-2024,Peak,16800,5,84000,Completed,0,31,Hyderabad
385,user385@gmail.com,Kedarkantha,7,Moderate,04-09-2025,Moderate,14000,1,14000,Completed,0,32,Chennai
386,user386@gmail.com,Triund,2,Easy,12-02-2024,Peak,4800,4,19200,Completed,0,39,Chennai
387,user387@gmail.com,Hampta Pass,5,Moderate,05-08-2023,Off,10200,5,51000,Completed,0,53,Bangalore
388,user388@gmail.com,Triund,2,Easy,17-10-2024,Peak,4800,6,28800,Completed,0,25,Bangalore
389,user389@gmail.com,Sandakphu,6,Difficult,26-03-2023,Moderate,15000,3,45000,Completed,0,18,Pune
390,user390@gmail.com,Valley of Flowers,6,Moderate,23-08-2023,Off,11050,3,33150,Completed,0,27,Pune
391,user391@gmail.com,Hampi,5,Easy,24-09-2023,Moderate,9000,3,27000,Completed,0,41,Delhi
392,user392@gmail.com,Triund,2,Easy,19-10-2023,Peak,4800,3,14400,Completed,0,24,Chennai
393,user393@gmail.com,Triund,2,Easy,20-05-2025,Moderate,4000,3,12000,Completed,0,25,Bangalore
394,user394@gmail.com,Valley of Flowers,6,Moderate,19-04-2023,Moderate,13000,1,13000,Completed,0,46,Hyderabad
395,user395@gmail.com,Hampta Pass,5,Moderate,28-03-2025,Moderate,12000,1,12000,Completed,0,48,Pune
396,user396@gmail.com,Triund,2,Easy,05-07-2025,Off,3400,4,13600,Cancelled - No Refund,4,51,Pune
397,user397@gmail.com,Sandakphu,6,Difficult,04-05-2023,Moderate,15000,5,75000,Completed,0,41,Mumbai
398,user398@gmail.com,Kedarkantha,7,Moderate,01-11-2024,Peak,16800,3,50400,Completed,0,53,Hyderabad
399,user399@gmail.com,Sandakphu,6,Difficult,17-01-2025,Peak,18000,5,90000,Completed,0,18,Delhi
400,user400@gmail.com,Hampta Pass,5,Moderate,24-02-2025,Peak,14400,4,57600,Completed,0,40,Pune
401,user401@gmail.com,Sandakphu,6,Difficult,13-08-2025,Off,12750,5,63750,Completed,0,45,Chennai
402,user402@gmail.com,Triund,2,Easy,09-01-2024,Peak,4800,3,14400,Completed,0,20,Hyderabad
403,user403@gmail.com,Kedarkantha,7,Moderate,14-05-2025,Moderate,14000,5,70000,Cancelled - Full Refund,5,29,Mumbai
404,user404@gmail.com,Hampta Pass,5,Moderate,21-03-2025,Moderate,12000,5,60000,Completed,0,36,Bangalore
405,user405@gmail.com,Sandakphu,6,Difficult,01-12-2024,Peak,18000,2,36000,Completed,0,39,Mumbai
406,user406@gmail.com,Valley of Flowers,6,Moderate,14-10-2024,Peak,15600,3,46800,Completed,0,43,Mumbai
407,user407@gmail.com,Hampta Pass,5,Moderate,13-04-2023,Moderate,12000,4,48000,Completed,0,21,Chennai
408,user408@gmail.com,Triund,2,Easy,19-01-2025,Peak,4800,2,9600,Completed,0,23,Hyderabad
409,user409@gmail.com,Valley of Flowers,6,Moderate,21-02-2025,Peak,15600,5,78000,Completed,0,29,Pune
410,user410@gmail.com,Sandakphu,6,Difficult,08-10-2023,Peak,18000,5,90000,Completed,0,42,Mumbai
411,user411@gmail.com,Triund,2,Easy,05-04-2025,Moderate,4000,3,12000,Completed,0,47,Mumbai
412,user412@gmail.com,Hampi,5,Easy,23-04-2023,Moderate,9000,1,9000,Completed,0,23,Chennai
413,user413@gmail.com,Sandakphu,6,Difficult,02-03-2023,Moderate,15000,2,30000,Cancelled - Partial Refund,2,28,Bangalore
414,user414@gmail.com,Triund,2,Easy,19-07-2024,Off,3400,5,17000,Completed,0,43,Bangalore
415,user415@gmail.com,Kedarkantha,7,Moderate,26-01-2025,Peak,16800,5,84000,Completed,0,51,Delhi
416,user416@gmail.com,Hampta Pass,5,Moderate,01-09-2023,Moderate,12000,6,72000,Completed,0,42,Bangalore
417,user417@gmail.com,Sandakphu,6,Difficult,26-04-2023,Moderate,15000,2,30000,Completed,0,21,Pune
418,user418@gmail.com,Hampi,5,Easy,27-10-2025,Peak,10800,1,10800,Completed,0,35,Bangalore
419,user419@gmail.com,Sandakphu,6,Difficult,06-04-2024,Moderate,15000,3,45000,Completed,0,36,Delhi
420,user420@gmail.com,Sandakphu,6,Difficult,14-01-2025,Peak,18000,1,18000,Completed,0,22,Mumbai
421,user421@gmail.com,Sandakphu,6,Difficult,28-10-2024,Peak,18000,2,36000,Completed,0,43,Chennai
422,user422@gmail.com,Kedarkantha,7,Moderate,27-11-2023,Peak,16800,3,50400,Completed,0,38,Chennai
423,user423@gmail.com,Triund,2,Easy,18-07-2025,Off,3400,5,17000,Completed,0,26,Bangalore
424,user424@gmail.com,Hampta Pass,5,Moderate,10-01-2025,Peak,14400,6,86400,Completed,0,49,Delhi
425,user425@gmail.com,Hampi,5,Easy,20-06-2023,Off,7650,3,22950,Completed,0,48,Hyderabad
426,user426@gmail.com,Kedarkantha,7,Moderate,22-03-2023,Moderate,14000,4,56000,Completed,0,45,Hyderabad
427,user427@gmail.com,Sandakphu,6,Difficult,21-09-2025,Moderate,15000,1,15000,Completed,0,23,Chennai
428,user428@gmail.com,Hampta Pass,5,Moderate,28-03-2025,Moderate,12000,5,60000,Completed,0,18,Delhi
429,user429@gmail.com,Triund,2,Easy,03-09-2023,Moderate,4000,3,12000,Cancelled - No Refund,3,24,Delhi
430,user430@gmail.com,Sandakphu,6,Difficult,29-03-2024,Moderate,15000,5,75000,Completed,0,43,Bangalore
431,user431@gmail.com,Triund,2,Easy,17-12-2024,Peak,4800,2,9600,Completed,0,37,Bangalore
432,user432@gmail.com,Kedarkantha,7,Moderate,07-02-2024,Peak,16800,2,33600,Completed,0,19,Chennai
433,user433@gmail.com,Hampi,5,Easy,28-11-2024,Peak,10800,5,54000,Cancelled - Partial Refund,5,36,Pune
434,user434@gmail.com,Hampta Pass,5,Moderate,19-09-2025,Moderate,12000,6,72000,Completed,0,46,Chennai
435,user435@gmail.com,Triund,2,Easy,08-07-2024,Off,3400,1,3400,Completed,0,34,Chennai
436,user436@gmail.com,Hampi,5,Easy,20-03-2023,Moderate,9000,5,45000,Completed,0,18,Bangalore
437,user437@gmail.com,Hampta Pass,5,Moderate,27-10-2023,Peak,14400,4,57600,Completed,0,24,Mumbai
438,user438@gmail.com,Hampi,5,Easy,11-09-2024,Moderate,9000,3,27000,Cancelled - Full Refund,3,26,Bangalore
439,user439@gmail.com,Kedarkantha,7,Moderate,31-03-2024,Moderate,14000,3,42000,Completed,0,37,Bangalore
440,user440@gmail.com,Sandakphu,6,Difficult,14-06-2023,Off,12750,3,38250,Completed,0,52,Delhi
441,user441@gmail.com,Triund,2,Easy,25-05-2024,Moderate,4000,6,24000,Cancelled - No Refund,6,27,Pune
442,user442@gmail.com,Sandakphu,6,Difficult,30-11-2024,Peak,18000,4,72000,Completed,0,39,Delhi
443,user443@gmail.com,Sandakphu,6,Difficult,21-03-2024,Moderate,15000,6,90000,Completed,0,32,Hyderabad
444,user444@gmail.com,Kedarkantha,7,Moderate,08-06-2025,Off,11900,4,47600,Completed,0,42,Chennai
445,user445@gmail.com,Hampi,5,Easy,10-07-2025,Off,7650,5,38250,Completed,0,25,Bangalore
446,user446@gmail.com,Kedarkantha,7,Moderate,12-03-2023,Moderate,14000,5,70000,Completed,0,37,Chennai
447,user447@gmail.com,Sandakphu,6,Difficult,31-07-2023,Off,12750,3,38250,Completed,0,20,Chennai
448,user448@gmail.com,Sandakphu,6,Difficult,01-09-2023,Moderate,15000,2,30000,Completed,0,23,Bangalore
449,user449@gmail.com,Hampta Pass,5,Moderate,22-08-2025,Off,10200,1,10200,Completed,0,46,Bangalore
450,user450@gmail.com,Valley of Flowers,6,Moderate,17-03-2025,Moderate,13000,3,39000,Completed,0,30,Hyderabad
451,user451@gmail.com,Sandakphu,6,Difficult,18-03-2024,Moderate,15000,1,15000,Completed,0,30,Mumbai
452,user452@gmail.com,Kedarkantha,7,Moderate,01-06-2023,Off,11900,5,59500,Cancelled - No Refund,5,48,Delhi
453,user453@gmail.com,Triund,2,Easy,05-09-2025,Moderate,4000,5,20000,Completed,0,40,Chennai
454,user454@gmail.com,Valley of Flowers,6,Moderate,20-12-2025,Peak,15600,3,46800,Completed,0,48,Pune
455,user455@gmail.com,Hampi,5,Easy,04-11-2023,Peak,10800,2,21600,Completed,0,39,Pune
456,user456@gmail.com,Hampi,5,Easy,03-10-2024,Peak,10800,4,43200,Completed,0,42,Delhi
457,user457@gmail.com,Valley of Flowers,6,Moderate,11-10-2023,Peak,15600,4,62400,Completed,0,29,Chennai
458,user458@gmail.com,Kedarkantha,7,Moderate,20-03-2023,Moderate,14000,2,28000,Completed,0,19,Chennai
459,user459@gmail.com,Hampta Pass,5,Moderate,27-03-2023,Moderate,12000,2,24000,Cancelled - No Refund,2,46,Chennai
460,user460@gmail.com,Hampta Pass,5,Moderate,29-08-2025,Off,10200,4,40800,Completed,0,28,Mumbai
461,user461@gmail.com,Hampi,5,Easy,24-10-2025,Peak,10800,2,21600,Completed,0,19,Mumbai
462,user462@gmail.com,Hampta Pass,5,Moderate,24-02-2023,Peak,14400,3,43200,Completed,0,38,Hyderabad
463,user463@gmail.com,Triund,2,Easy,19-11-2025,Peak,4800,2,9600,Completed,0,46,Bangalore
464,user464@gmail.com,Valley of Flowers,6,Moderate,21-03-2023,Moderate,13000,4,52000,Completed,0,23,Pune
465,user465@gmail.com,Triund,2,Easy,12-08-2023,Off,3400,2,6800,Completed,0,23,Mumbai
466,user466@gmail.com,Hampta Pass,5,Moderate,14-07-2024,Off,10200,4,40800,Completed,0,38,Hyderabad
467,user467@gmail.com,Sandakphu,6,Difficult,22-12-2024,Peak,18000,1,18000,Completed,0,34,Mumbai
468,user468@gmail.com,Triund,2,Easy,06-01-2025,Peak,4800,6,28800,Completed,0,21,Chennai
469,user469@gmail.com,Hampi,5,Easy,13-05-2024,Moderate,9000,2,18000,Cancelled - Full Refund,2,19,Pune
470,user470@gmail.com,Sandakphu,6,Difficult,21-02-2025,Peak,18000,2,36000,Completed,0,49,Bangalore
471,user471@gmail.com,Hampi,5,Easy,01-06-2023,Off,7650,5,38250,Completed,0,55,Chennai
472,user472@gmail.com,Triund,2,Easy,22-10-2023,Peak,4800,2,9600,Completed,0,52,Chennai
473,user473@gmail.com,Triund,2,Easy,29-07-2023,Off,3400,6,20400,Completed,0,33,Delhi
474,user474@gmail.com,Sandakphu,6,Difficult,15-10-2024,Peak,18000,1,18000,Completed,0,21,Delhi
475,user475@gmail.com,Hampta Pass,5,Moderate,31-08-2025,Off,10200,2,20400,Completed,0,40,Mumbai
476,user476@gmail.com,Sandakphu,6,Difficult,09-04-2024,Moderate,15000,2,30000,Completed,0,24,Bangalore
477,user477@gmail.com,Kedarkantha,7,Moderate,23-01-2024,Peak,16800,4,67200,Cancelled - Full Refund,4,41,Delhi
478,user478@gmail.com,Sandakphu,6,Difficult,04-10-2024,Peak,18000,4,72000,Completed,0,53,Pune
479,user479@gmail.com,Valley of Flowers,6,Moderate,25-11-2024,Peak,15600,6,93600,Cancelled - Full Refund,6,34,Bangalore
480,user480@gmail.com,Valley of Flowers,6,Moderate,09-11-2023,Peak,15600,2,31200,Completed,0,40,Mumbai
481,user481@gmail.com,Triund,2,Easy,04-04-2024,Moderate,4000,3,12000,Completed,0,18,Chennai
482,user482@gmail.com,Kedarkantha,7,Moderate,09-11-2025,Peak,16800,4,67200,Completed,0,42,Hyderabad
483,user483@gmail.com,Triund,2,Easy,07-01-2025,Peak,4800,2,9600,Completed,0,44,Delhi
484,user484@gmail.com,Sandakphu,6,Difficult,05-02-2024,Peak,18000,3,54000,Completed,0,47,Mumbai
485,user485@gmail.com,Triund,2,Easy,09-10-2025,Peak,4800,1,4800,Completed,0,55,Pune
486,user486@gmail.com,Hampi,5,Easy,24-02-2024,Peak,10800,6,64800,Completed,0,43,Chennai
487,user487@gmail.com,Hampta Pass,5,Moderate,07-10-2023,Peak,14400,2,28800,Completed,0,40,Delhi
488,user488@gmail.com,Sandakphu,6,Difficult,26-06-2023,Off,12750,2,25500,Completed,0,45,Pune
489,user489@gmail.com,Triund,2,Easy,22-02-2025,Peak,4800,1,4800,Completed,0,26,Pune
490,user490@gmail.com,Hampi,5,Easy,20-09-2024,Moderate,9000,1,9000,Completed,0,38,Chennai
491,user491@gmail.com,Sandakphu,6,Difficult,23-05-2023,Moderate,15000,3,45000,Completed,0,52,Hyderabad
492,user492@gmail.com,Triund,2,Easy,05-10-2024,Peak,4800,4,19200,Completed,0,36,Delhi
493,user493@gmail.com,Kedarkantha,7,Moderate,09-10-2024,Peak,16800,2,33600,Completed,0,29,Delhi
494,user494@gmail.com,Kedarkantha,7,Moderate,28-07-2025,Off,11900,1,11900,Completed,0,46,Delhi
495,user495@gmail.com,Hampi,5,Easy,11-08-2024,Off,7650,2,15300,Completed,0,23,Pune
496,user496@gmail.com,Hampi,5,Easy,26-03-2025,Moderate,9000,6,54000,Completed,0,52,Hyderabad
497,user497@gmail.com,Triund,2,Easy,01-12-2024,Peak,4800,2,9600,Completed,0,27,Delhi
498,user498@gmail.com,Hampta Pass,5,Moderate,21-08-2024,Off,10200,4,40800,Completed,0,28,Hyderabad
499,user499@gmail.com,Hampi,5,Easy,08-05-2025,Moderate,9000,3,27000,Completed,0,21,Mumbai
500,user500@gmail.com,Hampi,5,Easy,25-04-2024,Moderate,9000,4,36000,Completed,0,54,Pune
